<?xml version="1.0" encoding="UTF-8"?>
<project-private xmlns="http://www.netbeans.org/ns/project-private/1">
    <editor-bookmarks xmlns="http://www.netbeans.org/ns/editor-bookmarks/2" lastBookmarkId="0"/>
    <open-files xmlns="http://www.netbeans.org/ns/projectui-open-files/2">
        <group>
            <file>file:/C:/Users/RoQ%20A7hmed/Desktop/SW2%20last%20version/SW2Project/test/Game_/AddGame_FormTest.java</file>
            <file>file:/C:/Users/RoQ%20A7hmed/Desktop/SW2%20last%20version/SW2Project/test/Game_/Login_FormTest.java</file>
        </group>
    </open-files>
</project-private>
